<?xml version="1.0" encoding="UTF-8"?>
<beans  xmlns="http://www.springframework.org/schema/beans"
 xmlns:xsi="http://www.w3.org/2001/XMLSchema-instance"
   xmlns:tx="http://www.springframework.org/schema/tx"
   xmlns:util="http://www.springframework.org/schema/util"
     xmlns:mvc="http://www.springframework.org/schema/mvc"
  xmlns:context="http://www.springframework.org/schema/context"
 xsi:schemaLocation="http://www.springframework.org/schema/beans
 http://www.springframework.org/schema/beans/spring-beans.xsd
 http://www.springframework.org/schema/context
 https://www.springframework.org/schema/context/spring-context.xsd
   http://www.springframework.org/schema/tx
 https://www.springframework.org/schema/tx/spring-tx.xsd
    http://www.springframework.org/schema/mvc
 https://www.springframework.org/schema/mvc/spring-mvc.xsd
  http://www.springframework.org/schema/util
 https://www.springframework.org/schema/util/spring-util.xsd">
 
  
 <context:component-scan
 base-package="springsearch" />
 
     
   
     <tx:annotation-driven />
     <mvc:annotation-driven />
     <mvc:resources location="/WEB-INF/resources/" mapping="/resources/***" />
 
     <bean class="org.springframework.web.servlet.view.InternalResourceViewResolver" name="viewResolver">
     <property name="prefix" value="/WEB-INF/views/"></property>
     <property name="suffix" value=".jsp"></property>
      
     
     </bean>
     
     <bean name="multipartResolver" class="org.springframework.web.multipart.commons.CommonsMultipartResolver"></bean>
     
     
     
     <bean class="org.springframework.jdbc.datasource.DriverManagerDataSource" name="ds">
     <property name="driverClassName" value="com.mysql.cj.jdbc.Driver"></property>
     <property name="url" value="jdbc:mysql://localhost:3306/quiz"></property>
     <property name="username" value="root" />
     <property name="password" value="root" />
    </bean>
     
     <bean class="org.springframework.orm.hibernate5.LocalSessionFactoryBean" name="factory">
       <property  name="dataSource" ref="ds"></property> 
       <property name="hibernateProperties">
       <props>
          <prop key="hibernate.dialect">org.hibernate.dialect.MySQL5Dialect</prop>
          <prop key="hibernate.show_sql">true</prop>
          <prop key="hibernate.hbm2ddl.auto">update</prop>
       </props>
       </property>
       <property name="annotatedClasses">
        <list>
              <value>
            springsearch.formbean.Product
             </value>
               <value>
            springsearch.formbean.Student
             </value>
        </list>
       </property>
 </bean>
 
  <bean class="org.springframework.orm.hibernate5.HibernateTemplate" name="HibernateTemplate">
      <property name="sessionFactory" ref="factory" />
  </bean>
   <bean class="org.springframework.orm.hibernate5.HibernateTransactionManager" name="transactionManager">
  <property name="sessionFactory" ref="factory" />
 </bean>
  
</beans> 